"poll_id","candidate_name","pct","sample_size","state"
1,"Kamala Harris",37.1421283576638,1019,"WA"
2,"Kamala Harris",49.5073002623394,624,"OK"
3,"Kamala Harris",37.6875704526901,1090,"WY"
4,"Donald Trump",39.7734707035124,1390,"MT"
5,"Kamala Harris",39.8155246255919,1393,"OH"
6,"Donald Trump",30.2450924832374,803,"OK"
7,"Donald Trump",42.8294640127569,1046,"HI"
8,"Donald Trump",40.2514994330704,1001,"MO"
9,"Kamala Harris",36.4070423645899,627,"UT"
10,"Joe Biden",41.6286631533876,882,"IL"
11,"Donald Trump",42.346888165921,1296,"LA"
12,"Donald Trump",38.7654907535762,306,"TX"
13,"Joe Biden",33.4073796123266,555,"DE"
14,"Donald Trump",44.301609932445,1336,"KS"
15,"Kamala Harris",44.9557309737429,1151,"IA"
16,"Joe Biden",46.8782941624522,1012,"NM"
17,"Kamala Harris",40.6951809395105,544,"MA"
18,"Kamala Harris",36.0447052307427,1031,"NM"
19,"Joe Biden",39.1303636413068,372,"WY"
20,"Joe Biden",37.6868506893516,1035,"OR"
21,"Joe Biden",34.9809370934963,546,"CT"
22,"Joe Biden",43.0925348959863,719,"NM"
23,"Kamala Harris",49.1064740344882,1357,"NM"
24,"Donald Trump",35.8216591458768,1209,"WY"
25,"Kamala Harris",43.0037817312405,1141,"WY"
26,"Donald Trump",40.7271986175328,786,"TN"
27,"Joe Biden",41.9490373320878,827,"OR"
28,"Donald Trump",30.4979653889313,909,"KS"
29,"Kamala Harris",30.0968347908929,885,"HI"
30,"Donald Trump",32.6275650877506,542,"FL"
31,"Joe Biden",30.4963420750573,493,"FL"
32,"Kamala Harris",31.8425890384242,1472,"AL"
33,"Kamala Harris",39.5111644826829,435,"MO"
34,"Joe Biden",33.9331352245063,588,"WY"
35,"Kamala Harris",46.2934789713472,1213,"NE"
36,"Donald Trump",34.8811845621094,675,"NV"
37,"Joe Biden",39.7761527588591,827,"PA"
38,"Kamala Harris",42.9776495927945,1071,"ND"
39,"Joe Biden",33.1743294000626,466,"NV"
40,"Joe Biden",46.7395582189783,1421,"VT"
41,"Donald Trump",38.7319305958226,1257,"HI"
42,"Kamala Harris",34.6699105016887,1159,"CA"
43,"Kamala Harris",35.9771198406816,719,"MS"
44,"Joe Biden",33.1884267367423,510,"AZ"
45,"Kamala Harris",41.7113420832902,962,"CA"
46,"Joe Biden",32.9755595419556,755,"NH"
47,"Kamala Harris",33.5811911942437,446,"DE"
48,"Donald Trump",36.7844300996512,1213,"AZ"
49,"Joe Biden",33.6780387768522,1189,"VA"
50,"Donald Trump",38.1108304439113,1346,"IN"
51,"Joe Biden",42.2711923671886,668,"IA"
52,"Joe Biden",43.7134266877547,950,"IA"
53,"Kamala Harris",46.4705120027065,857,"WI"
54,"Joe Biden",37.4796422757208,388,"AZ"
55,"Donald Trump",49.0568200917915,1412,"LA"
56,"Joe Biden",30.3766431799158,641,"OR"
57,"Joe Biden",42.2474994463846,1092,"IL"
58,"Kamala Harris",39.2714752769098,756,"AK"
59,"Joe Biden",37.0945924101397,1445,"VA"
60,"Donald Trump",47.6484605763108,1425,"WY"
61,"Joe Biden",31.5160571690649,759,"PA"
62,"Kamala Harris",47.6658238330856,1082,"CO"
63,"Joe Biden",33.7644367152825,1316,"KS"
64,"Kamala Harris",34.3013349361718,442,"AL"
65,"Donald Trump",47.390645830892,847,"OH"
66,"Kamala Harris",31.2167611252517,324,"NY"
67,"Donald Trump",34.6979920146987,1236,"NH"
68,"Donald Trump",49.8603102564812,1328,"ME"
69,"Kamala Harris",43.5639545554295,1273,"ID"
70,"Donald Trump",38.7097360100597,685,"LA"
71,"Donald Trump",37.5461988383904,350,"AR"
72,"Kamala Harris",39.2236804869026,1398,"MA"
73,"Kamala Harris",46.0370374331251,716,"VA"
74,"Joe Biden",43.2593395048752,570,"WI"
75,"Donald Trump",39.3200732814148,1296,"TX"
76,"Donald Trump",31.0651887301356,1078,"NM"
77,"Joe Biden",34.7439583670348,580,"IN"
78,"Donald Trump",34.664794751443,1461,"DE"
79,"Joe Biden",34.6130720153451,945,"TN"
80,"Joe Biden",31.2345254793763,446,"VA"
81,"Donald Trump",39.9423721851781,563,"NM"
82,"Kamala Harris",34.8825017735362,1378,"TN"
83,"Kamala Harris",45.1637107785791,1159,"ME"
84,"Joe Biden",40.9460535505787,920,"WA"
85,"Donald Trump",48.9613379258662,1115,"KY"
86,"Joe Biden",31.7234438471496,685,"KY"
87,"Donald Trump",48.9576516998932,1065,"ND"
88,"Joe Biden",44.4479773612693,480,"SC"
89,"Kamala Harris",48.4400920942426,657,"OH"
90,"Kamala Harris",42.2768188733608,1150,"TN"
91,"Donald Trump",33.2193300267681,1354,"NE"
92,"Kamala Harris",33.6588138435036,1431,"WI"
93,"Joe Biden",44.6036712406203,502,"LA"
94,"Donald Trump",41.7905130097643,452,"AZ"
95,"Donald Trump",36.2496472522616,1139,"MS"
96,"Kamala Harris",45.4558879788965,811,"AK"
97,"Donald Trump",36.7259640432894,1292,"VT"
98,"Joe Biden",47.1135338209569,867,"AZ"
99,"Kamala Harris",41.6105698700994,595,"KS"
100,"Kamala Harris",38.3144530281425,1386,"NJ"
101,"Kamala Harris",48.6514557059854,371,"MA"
102,"Donald Trump",39.25397682935,763,"FL"
103,"Donald Trump",31.9869265984744,1109,"WV"
104,"Kamala Harris",39.3089872645214,963,"TN"
105,"Joe Biden",49.6816771524027,915,"MT"
106,"Joe Biden",48.5054573183879,339,"KY"
107,"Kamala Harris",38.7079752702266,1197,"VA"
108,"Donald Trump",47.3944143159315,1177,"SD"
109,"Donald Trump",36.0070834355429,1398,"OH"
110,"Donald Trump",45.9594526235014,941,"OK"
111,"Donald Trump",46.0102142393589,939,"AL"
112,"Donald Trump",37.7385139232501,1255,"WI"
113,"Donald Trump",37.6317939022556,446,"PA"
114,"Kamala Harris",42.9103122837842,1051,"GA"
115,"Donald Trump",47.2333490848541,596,"RI"
116,"Joe Biden",43.1326534179971,421,"MN"
117,"Donald Trump",40.3265214711428,925,"MT"
118,"Donald Trump",32.9756316682324,582,"KS"
119,"Donald Trump",42.2553180577233,439,"WY"
120,"Kamala Harris",30.8393363794312,1274,"NJ"
121,"Donald Trump",39.9671798525378,909,"MA"
122,"Kamala Harris",44.7901644324884,1453,"OK"
123,"Donald Trump",45.0779955880716,954,"MO"
124,"Kamala Harris",31.261874823831,451,"MN"
125,"Joe Biden",38.8496386678889,1286,"ID"
126,"Kamala Harris",40.0134339835495,1101,"CT"
127,"Kamala Harris",35.4048620071262,1110,"MA"
128,"Kamala Harris",41.9760429812595,1491,"MO"
129,"Joe Biden",44.716752525419,870,"MS"
130,"Kamala Harris",44.2715562367812,329,"NE"
131,"Kamala Harris",32.3298587370664,1467,"WA"
132,"Donald Trump",41.5024123666808,363,"PA"
133,"Donald Trump",45.9626397443935,1021,"WY"
134,"Donald Trump",34.6364759327844,922,"NV"
135,"Kamala Harris",44.4971165107563,599,"LA"
136,"Kamala Harris",46.7604639567435,416,"IN"
137,"Kamala Harris",32.3767714155838,1268,"PA"
138,"Donald Trump",49.1790079325438,792,"MT"
139,"Joe Biden",44.9552916875109,731,"PA"
140,"Donald Trump",46.2177895754576,1264,"WV"
141,"Joe Biden",33.7983544683084,339,"TX"
142,"Kamala Harris",30.5193755496293,617,"WI"
143,"Kamala Harris",47.2756458446383,509,"SC"
144,"Donald Trump",48.3835973078385,1201,"NH"
145,"Joe Biden",32.7525597577915,403,"MN"
146,"Kamala Harris",39.5529724378139,790,"CT"
147,"Joe Biden",39.2592300055549,551,"AR"
148,"Kamala Harris",44.0035722218454,977,"ID"
149,"Donald Trump",31.3114980235696,988,"VT"
150,"Donald Trump",44.6607998665422,454,"LA"
151,"Joe Biden",37.9186318069696,371,"MT"
152,"Kamala Harris",39.2297568963841,1409,"KY"
153,"Donald Trump",44.5059872651473,1284,"NJ"
154,"Joe Biden",39.400052940473,1465,"NC"
155,"Kamala Harris",49.9904795503244,1047,"PA"
156,"Kamala Harris",46.9187158346176,558,"ND"
157,"Kamala Harris",46.5641460753977,1493,"TN"
158,"Joe Biden",45.2328868862242,1342,"WY"
159,"Donald Trump",32.2421298362315,458,"NC"
160,"Donald Trump",46.7795403860509,793,"WY"
161,"Joe Biden",46.2770104827359,420,"MS"
162,"Donald Trump",49.828243884258,920,"ND"
163,"Kamala Harris",30.9662904962897,1265,"MA"
164,"Kamala Harris",44.9357582489029,1314,"TN"
165,"Joe Biden",38.3862704318017,453,"HI"
166,"Donald Trump",41.6428779438138,968,"NJ"
167,"Joe Biden",46.6146812448278,594,"DE"
168,"Donald Trump",30.2706125471741,996,"NH"
169,"Kamala Harris",30.2304352633655,672,"ND"
170,"Kamala Harris",49.9289141455665,1327,"IN"
171,"Joe Biden",45.3137933416292,821,"AR"
172,"Kamala Harris",36.2932522129267,1019,"MT"
173,"Donald Trump",46.2402348872274,334,"WY"
174,"Joe Biden",49.824384348467,414,"UT"
175,"Joe Biden",34.0151918586344,1182,"OK"
176,"Donald Trump",42.9207444051281,841,"KY"
177,"Kamala Harris",38.7510145781562,1088,"GA"
178,"Joe Biden",48.7605652306229,1448,"AL"
179,"Donald Trump",49.7600661078468,1050,"IN"
180,"Donald Trump",39.1263912199065,1369,"CA"
181,"Joe Biden",34.6122988639399,565,"IL"
182,"Donald Trump",43.9097853703424,1007,"IA"
183,"Joe Biden",41.1326468922198,1166,"NV"
184,"Joe Biden",41.6942017897964,946,"PA"
185,"Donald Trump",38.67262493819,822,"MD"
186,"Joe Biden",38.5235010553151,929,"SD"
187,"Kamala Harris",41.9370879093185,538,"MD"
188,"Joe Biden",39.0417116973549,1197,"CT"
189,"Joe Biden",49.1321731731296,1172,"NY"
190,"Donald Trump",46.8886070000008,1154,"UT"
191,"Joe Biden",34.4553720531985,595,"MA"
192,"Donald Trump",38.4034035401419,1329,"NY"
193,"Joe Biden",38.3996587106958,788,"WY"
194,"Joe Biden",30.4158169776201,475,"UT"
195,"Joe Biden",37.6089593907818,1004,"RI"
196,"Kamala Harris",38.4469685517251,941,"OK"
197,"Kamala Harris",33.8285212684423,664,"TX"
198,"Donald Trump",44.1065856348723,1258,"NJ"
199,"Joe Biden",30.270409504883,1042,"ND"
200,"Donald Trump",44.6240621153265,1185,"OH"
201,"Kamala Harris",38.6544819595292,1009,"OH"
202,"Donald Trump",44.6248018601909,360,"CA"
203,"Kamala Harris",30.2788310497999,1082,"OR"
204,"Donald Trump",30.9062661696225,1244,"WA"
205,"Kamala Harris",38.368287528865,996,"AR"
206,"Joe Biden",42.8768000425771,885,"ND"
207,"Joe Biden",34.3958757119253,1015,"LA"
208,"Joe Biden",46.6688530566171,1459,"PA"
209,"Joe Biden",43.8953462708741,435,"OH"
210,"Kamala Harris",47.9824897041544,916,"NH"
211,"Donald Trump",38.2848057057709,1455,"MN"
212,"Joe Biden",38.2200940651819,1439,"GA"
213,"Donald Trump",35.0002997880802,1082,"LA"
214,"Joe Biden",37.4753407808021,1030,"TN"
215,"Kamala Harris",34.6378546534106,973,"AK"
216,"Kamala Harris",48.6320632928982,1478,"ND"
217,"Joe Biden",39.5268951030448,754,"NC"
218,"Donald Trump",30.953300059773,774,"DE"
219,"Kamala Harris",45.4706211201847,824,"MI"
220,"Joe Biden",36.6223465884104,992,"LA"
221,"Kamala Harris",41.05752941221,480,"OK"
222,"Donald Trump",43.5266105784103,417,"CO"
223,"Joe Biden",35.5466874176636,695,"SD"
224,"Joe Biden",31.0571135673672,437,"IL"
225,"Joe Biden",38.5151716740802,730,"IN"
226,"Joe Biden",42.2023696405813,561,"MO"
227,"Joe Biden",49.5209207013249,1404,"IL"
228,"Kamala Harris",49.3960024043918,581,"RI"
229,"Donald Trump",31.7696911469102,656,"OK"
230,"Donald Trump",39.967600745149,1174,"FL"
231,"Donald Trump",37.9137873556465,650,"MI"
232,"Kamala Harris",37.8066385816783,1143,"SD"
233,"Joe Biden",36.3699898170307,1110,"ND"
234,"Donald Trump",43.6515010846779,579,"ID"
235,"Donald Trump",35.6922981515527,1011,"SD"
236,"Joe Biden",37.8018942847848,876,"FL"
237,"Donald Trump",49.8033712059259,617,"LA"
238,"Joe Biden",45.8401146298274,373,"NM"
239,"Joe Biden",36.2481030309573,455,"FL"
240,"Donald Trump",46.3423546077684,1375,"SC"
241,"Kamala Harris",34.4181954441592,450,"MO"
242,"Joe Biden",40.0214764056727,570,"TN"
243,"Kamala Harris",33.339445926249,466,"ND"
244,"Joe Biden",32.3931838897988,1032,"ND"
245,"Donald Trump",47.9521993547678,1122,"OR"
246,"Joe Biden",31.8742975732312,897,"TN"
247,"Donald Trump",47.3011711332947,1015,"AK"
248,"Donald Trump",35.5318292742595,871,"MD"
249,"Donald Trump",30.5456738546491,550,"PA"
250,"Kamala Harris",45.7476992672309,1269,"OK"
251,"Joe Biden",37.1732059959322,1270,"MD"
252,"Joe Biden",30.5020593153313,1300,"TN"
253,"Joe Biden",44.9218719592318,823,"MD"
254,"Joe Biden",30.5925115430728,1456,"SC"
255,"Kamala Harris",38.6772966198623,1385,"WY"
256,"Joe Biden",35.1325366599485,935,"KS"
257,"Donald Trump",39.9603044195101,907,"AK"
258,"Joe Biden",43.0671046115458,492,"UT"
259,"Donald Trump",31.6731377132237,1307,"KS"
260,"Donald Trump",33.6094492347911,1206,"MD"
261,"Joe Biden",32.0892500318587,1352,"VA"
262,"Joe Biden",46.2478596763685,774,"AL"
263,"Joe Biden",42.5500488327816,771,"KY"
264,"Joe Biden",42.6114497194067,304,"WY"
265,"Kamala Harris",37.8177970042452,1261,"FL"
266,"Joe Biden",38.6450714757666,724,"PA"
267,"Joe Biden",36.9726800452918,1114,"NY"
268,"Joe Biden",45.8711551735178,519,"SC"
269,"Donald Trump",47.7387222414836,1186,"SC"
270,"Donald Trump",43.02254173439,1327,"MO"
271,"Kamala Harris",41.8572652852163,491,"GA"
272,"Donald Trump",36.5564418770373,1190,"WY"
273,"Kamala Harris",31.5137873589993,1380,"MT"
274,"Joe Biden",41.8277448415756,878,"WV"
275,"Joe Biden",33.5667352704331,1024,"NY"
276,"Joe Biden",44.8270024824888,912,"ME"
277,"Joe Biden",35.8775241626427,516,"SC"
278,"Joe Biden",42.7837162138894,401,"HI"
279,"Kamala Harris",32.4964479450136,1415,"IA"
280,"Joe Biden",35.1053156750277,1486,"CT"
281,"Joe Biden",46.4114937465638,301,"NV"
282,"Kamala Harris",46.0756078595296,574,"AZ"
283,"Kamala Harris",30.9166926145554,588,"LA"
284,"Donald Trump",47.5106344372034,1410,"LA"
285,"Joe Biden",32.5601817993447,1198,"MO"
286,"Joe Biden",42.1766280708835,491,"LA"
287,"Joe Biden",39.3913374654949,1027,"NC"
288,"Donald Trump",41.1458217119798,1128,"NJ"
289,"Joe Biden",44.6078556915745,1126,"AR"
290,"Donald Trump",39.39717377536,523,"GA"
291,"Joe Biden",49.7722011804581,884,"ME"
292,"Joe Biden",49.6933676907793,1084,"PA"
293,"Kamala Harris",37.8656936204061,1273,"MA"
294,"Kamala Harris",42.1769427508116,796,"OK"
295,"Donald Trump",36.9096746016294,668,"DE"
296,"Donald Trump",38.742251242511,1162,"WV"
297,"Joe Biden",34.5826392667368,1248,"CT"
298,"Kamala Harris",30.1214449619874,1079,"NC"
299,"Joe Biden",30.4775377642363,639,"WV"
300,"Joe Biden",31.1751685664058,868,"ND"
301,"Donald Trump",45.2915129018947,478,"SC"
302,"Joe Biden",39.3808801099658,974,"IL"
303,"Donald Trump",47.0166376046836,432,"OH"
304,"Donald Trump",41.6343878116459,755,"WV"
305,"Donald Trump",33.7377652479336,407,"VT"
306,"Donald Trump",42.1812195703387,1360,"NY"
307,"Kamala Harris",47.8668346628547,965,"ID"
308,"Kamala Harris",45.8864233177155,1127,"OR"
309,"Kamala Harris",40.0818566791713,666,"AR"
310,"Kamala Harris",38.4605654748157,483,"MO"
311,"Joe Biden",43.0876257549971,769,"WV"
312,"Kamala Harris",47.7547702891752,842,"NE"
313,"Kamala Harris",47.8403294226155,1119,"ID"
314,"Kamala Harris",33.5678107570857,1076,"WV"
315,"Donald Trump",35.1500484952703,1084,"AL"
316,"Kamala Harris",32.2687700949609,660,"MO"
317,"Kamala Harris",45.9431791724637,656,"KY"
318,"Kamala Harris",32.1907697757706,1275,"KS"
319,"Joe Biden",46.581433895044,454,"PA"
320,"Joe Biden",45.4209259385243,1464,"OR"
321,"Kamala Harris",48.8737880904227,530,"AK"
322,"Donald Trump",39.3391518713906,522,"CT"
323,"Kamala Harris",48.7971129501238,648,"NM"
324,"Donald Trump",45.7036588480696,1287,"VA"
325,"Joe Biden",47.4921575002372,889,"IA"
326,"Donald Trump",37.8892530687153,1115,"KS"
327,"Donald Trump",31.9939832156524,1392,"NJ"
328,"Donald Trump",35.5392284085974,755,"RI"
329,"Joe Biden",44.4444410223514,882,"OK"
330,"Joe Biden",37.1261035883799,1294,"NY"
331,"Joe Biden",37.65423766803,1126,"AR"
332,"Kamala Harris",30.639373017475,1131,"GA"
333,"Kamala Harris",40.4289057385176,1124,"GA"
334,"Joe Biden",32.4215582059696,857,"AL"
335,"Joe Biden",47.7036835299805,888,"VA"
336,"Kamala Harris",31.4929259801283,1252,"NH"
337,"Joe Biden",45.6845589354634,928,"OK"
338,"Kamala Harris",47.0826460514218,1240,"SC"
339,"Donald Trump",30.7435634126887,1277,"HI"
340,"Joe Biden",35.5028701899573,1439,"CO"
341,"Joe Biden",42.8413989813998,1494,"WI"
342,"Kamala Harris",45.7015671906993,442,"ID"
343,"Donald Trump",38.0012542381883,576,"NH"
344,"Kamala Harris",48.7060465943068,477,"AL"
345,"Donald Trump",37.8103394154459,1148,"AZ"
346,"Joe Biden",38.4791861427948,792,"CO"
347,"Donald Trump",35.7284340215847,844,"NV"
348,"Kamala Harris",42.2349681705236,616,"AK"
349,"Donald Trump",41.1762547725812,753,"DE"
350,"Kamala Harris",30.7993427012116,1321,"NM"
351,"Kamala Harris",44.9056389369071,636,"ND"
352,"Joe Biden",34.1297484142706,583,"VA"
353,"Donald Trump",43.1299193017185,1425,"WI"
354,"Joe Biden",40.4482934251428,1455,"PA"
355,"Donald Trump",42.6687316969037,565,"OK"
356,"Donald Trump",42.3512626765296,1498,"CT"
357,"Donald Trump",35.6979109486565,770,"MT"
358,"Donald Trump",34.476144448854,813,"WY"
359,"Joe Biden",40.7803871063516,1031,"WY"
360,"Donald Trump",49.9274395452812,1202,"MD"
361,"Joe Biden",36.5783307375386,1149,"KS"
362,"Donald Trump",36.4667217666283,340,"MS"
363,"Joe Biden",30.7064703572541,300,"AL"
364,"Kamala Harris",40.5122370505705,566,"CO"
365,"Donald Trump",41.9361383002251,669,"DE"
366,"Joe Biden",44.8417331837118,825,"AZ"
367,"Kamala Harris",49.0567425917834,1331,"CO"
368,"Donald Trump",39.7924247570336,563,"KS"
369,"Kamala Harris",31.6657469095662,1010,"ND"
370,"Donald Trump",35.1985599799082,362,"IN"
371,"Kamala Harris",47.4969325121492,989,"CO"
372,"Kamala Harris",47.041182727553,628,"MN"
373,"Joe Biden",46.8580932915211,1489,"MA"
374,"Donald Trump",48.938073492609,616,"AL"
375,"Kamala Harris",43.0536326952279,1243,"MI"
376,"Joe Biden",39.7631113044918,848,"AR"
377,"Joe Biden",33.7551340134814,355,"NE"
378,"Kamala Harris",44.2606612155214,351,"TX"
379,"Donald Trump",31.7013994138688,372,"WA"
380,"Kamala Harris",39.2239881120622,1451,"NJ"
381,"Donald Trump",48.7181461323053,1454,"NJ"
382,"Donald Trump",46.9058733573183,333,"AK"
383,"Donald Trump",44.3237343383953,398,"MD"
384,"Joe Biden",32.4761269660667,1235,"MD"
385,"Donald Trump",41.8965492257848,741,"AL"
386,"Joe Biden",49.7970560286194,1454,"NY"
387,"Joe Biden",42.308169757016,395,"GA"
388,"Joe Biden",35.4615533398464,1073,"UT"
389,"Donald Trump",31.2741368636489,1427,"PA"
390,"Donald Trump",31.4460655115545,1018,"IN"
391,"Kamala Harris",47.4702242808416,1290,"AL"
392,"Kamala Harris",37.2564999340102,319,"WY"
393,"Joe Biden",48.9124429831281,1214,"RI"
394,"Donald Trump",41.1663787998259,1469,"HI"
395,"Donald Trump",40.2532230177894,1422,"RI"
396,"Kamala Harris",48.955433270894,950,"NH"
397,"Kamala Harris",32.1960319112986,880,"VA"
398,"Kamala Harris",46.3781510107219,503,"NE"
399,"Kamala Harris",37.546842135489,1095,"WY"
400,"Donald Trump",41.132820956409,610,"CA"
401,"Joe Biden",36.2774237338454,320,"MI"
402,"Joe Biden",31.6468576062471,395,"VA"
403,"Kamala Harris",45.5987508455291,426,"UT"
404,"Joe Biden",33.8646945683286,437,"SC"
405,"Donald Trump",43.1117093516514,1087,"NY"
406,"Donald Trump",38.7029410665855,1492,"CT"
407,"Kamala Harris",33.9429665310308,602,"MI"
408,"Donald Trump",49.8932084441185,630,"OK"
409,"Joe Biden",38.9348573284224,583,"NC"
410,"Kamala Harris",30.6285332841799,381,"ND"
411,"Joe Biden",48.7403311626986,493,"AL"
412,"Joe Biden",47.4196790857241,1344,"OR"
413,"Kamala Harris",42.0249256677926,1253,"HI"
414,"Donald Trump",35.9803091268986,994,"SC"
415,"Joe Biden",46.1869255034253,1470,"SD"
416,"Joe Biden",49.0428477013484,1210,"WV"
417,"Donald Trump",47.041079425253,519,"IL"
418,"Donald Trump",32.546194717288,387,"KY"
419,"Donald Trump",49.3776469957083,525,"VA"
420,"Donald Trump",41.1420201743022,1493,"HI"
421,"Joe Biden",30.1072889473289,608,"WI"
422,"Kamala Harris",32.715278393589,546,"GA"
423,"Kamala Harris",30.116942031309,1469,"WY"
424,"Donald Trump",46.3374812435359,1318,"IN"
425,"Kamala Harris",45.6432717572898,886,"ID"
426,"Kamala Harris",48.6213257163763,1160,"NY"
427,"Kamala Harris",37.3737976467237,1388,"FL"
428,"Donald Trump",49.4890974834561,1330,"AR"
429,"Kamala Harris",46.4748736377805,1369,"WI"
430,"Kamala Harris",45.7489772653207,462,"TX"
431,"Donald Trump",42.4565166933462,796,"NE"
432,"Donald Trump",49.3470985768363,1336,"OK"
433,"Kamala Harris",39.9983698129654,1164,"SD"
434,"Donald Trump",47.8739119926468,1180,"WY"
435,"Kamala Harris",38.0208649393171,350,"WI"
436,"Donald Trump",38.950832192786,367,"ID"
437,"Donald Trump",48.7155816424638,919,"FL"
438,"Joe Biden",43.6666439473629,1333,"KS"
439,"Donald Trump",30.3632626030594,1259,"NV"
440,"Kamala Harris",33.310534353368,1440,"NV"
441,"Joe Biden",39.9166899779812,1400,"IL"
442,"Joe Biden",38.5307045606896,870,"CT"
443,"Kamala Harris",49.8410624125972,424,"AZ"
444,"Donald Trump",47.7790024783462,962,"MN"
445,"Joe Biden",36.9151074253023,575,"ID"
446,"Joe Biden",44.1168825002387,1007,"MS"
447,"Kamala Harris",48.1744937412441,590,"MD"
448,"Kamala Harris",43.5258577438071,1406,"KS"
449,"Kamala Harris",42.7820054255426,466,"NC"
450,"Joe Biden",32.9920905409381,1445,"TX"
451,"Donald Trump",42.0225078007206,1419,"AL"
452,"Donald Trump",35.4550247173756,651,"OR"
453,"Kamala Harris",39.1570674208924,362,"KS"
454,"Kamala Harris",34.4450618652627,1360,"OH"
455,"Kamala Harris",35.0984303373843,358,"IA"
456,"Kamala Harris",43.0737545434386,475,"MO"
457,"Donald Trump",39.4398632226512,1098,"SC"
458,"Joe Biden",33.2192607130855,486,"KY"
459,"Kamala Harris",35.4416066920385,640,"MI"
460,"Donald Trump",44.2591218603775,1415,"OR"
461,"Joe Biden",42.2670730436221,730,"NJ"
462,"Kamala Harris",32.6424393244088,1061,"SD"
463,"Kamala Harris",31.4001450641081,1463,"TN"
464,"Kamala Harris",49.3253002595156,1159,"IL"
465,"Donald Trump",37.3654055595398,652,"OR"
466,"Joe Biden",43.5490816924721,1346,"AL"
467,"Donald Trump",46.9190346077085,421,"ID"
468,"Kamala Harris",34.8330077063292,770,"NM"
469,"Joe Biden",30.703019821085,514,"VT"
470,"Donald Trump",41.9048047345132,788,"NJ"
471,"Joe Biden",46.7238225601614,831,"ND"
472,"Donald Trump",37.2449842048809,821,"TN"
473,"Donald Trump",36.6437706677243,1006,"CA"
474,"Kamala Harris",42.8947266144678,582,"AZ"
475,"Donald Trump",49.1723027359694,1142,"CA"
476,"Donald Trump",41.9240725692362,658,"VT"
477,"Donald Trump",40.2056003594771,1300,"IL"
478,"Donald Trump",33.1052827183157,1306,"IA"
479,"Donald Trump",46.9170201104134,1159,"CO"
480,"Kamala Harris",34.2876085126773,1386,"AL"
481,"Joe Biden",43.3974648965523,1447,"GA"
482,"Joe Biden",42.3551290249452,780,"WY"
483,"Kamala Harris",30.9999955398962,322,"MO"
484,"Kamala Harris",48.9879755116999,656,"TX"
485,"Kamala Harris",41.6510406322777,1263,"MD"
486,"Kamala Harris",47.2190867410973,386,"LA"
487,"Donald Trump",40.3693449869752,827,"IA"
488,"Joe Biden",35.322549669072,1463,"MT"
489,"Joe Biden",41.9475532695651,1440,"RI"
490,"Kamala Harris",45.9115216834471,395,"AZ"
491,"Donald Trump",43.7857207516208,1121,"MS"
492,"Donald Trump",39.6126328920946,1202,"ME"
493,"Kamala Harris",39.3185877753422,1120,"OR"
494,"Joe Biden",42.3682467034087,1215,"WA"
495,"Kamala Harris",38.9854102861136,1455,"ME"
496,"Kamala Harris",42.054150654003,927,"CT"
497,"Joe Biden",30.0921794818714,1244,"NV"
498,"Joe Biden",49.8998902505264,1210,"KS"
499,"Kamala Harris",38.1292489683256,1028,"CA"
500,"Kamala Harris",32.3590327426791,312,"MS"
501,"Donald Trump",47.3907819064334,1440,"WV"
502,"Donald Trump",40.8038591314107,790,"TN"
503,"Kamala Harris",47.6319533586502,1000,"NC"
504,"Donald Trump",30.7507967809215,1049,"OK"
505,"Kamala Harris",47.6286792429164,1354,"NE"
506,"Kamala Harris",44.4469933956861,1347,"MD"
507,"Donald Trump",45.3962059319019,897,"FL"
508,"Kamala Harris",47.2718741791323,1165,"CA"
509,"Kamala Harris",40.0148420641199,1231,"CT"
510,"Joe Biden",48.5172804864123,486,"NC"
511,"Kamala Harris",34.1614934056997,902,"AK"
512,"Joe Biden",30.5421118764207,318,"TX"
513,"Donald Trump",36.3158614421263,332,"AL"
514,"Joe Biden",43.2022449932992,757,"VT"
515,"Kamala Harris",36.2938260147348,1354,"NM"
516,"Kamala Harris",48.8892277562991,1103,"TN"
517,"Donald Trump",45.5794115969911,1466,"WY"
518,"Donald Trump",36.7886249255389,1039,"AR"
519,"Joe Biden",39.6329252934083,1029,"OK"
520,"Donald Trump",38.3198959752917,1113,"ND"
521,"Kamala Harris",45.5266779894009,1446,"KS"
522,"Kamala Harris",39.7085401182994,371,"KS"
523,"Kamala Harris",30.3059820830822,1109,"SC"
524,"Donald Trump",42.8490259032696,1137,"OH"
525,"Joe Biden",34.6965996967629,1007,"MD"
526,"Donald Trump",44.9405176611617,1110,"WY"
527,"Kamala Harris",35.9121474903077,402,"TX"
528,"Donald Trump",48.1243638321757,1321,"KY"
529,"Kamala Harris",47.0664803590626,522,"KS"
530,"Kamala Harris",39.2392755392939,784,"ND"
531,"Joe Biden",31.4269649656489,773,"DE"
532,"Donald Trump",41.5560744889081,1049,"CA"
533,"Donald Trump",41.5915866801515,575,"ID"
534,"Donald Trump",49.8715355386958,1431,"NM"
535,"Donald Trump",36.7054882878438,1334,"WA"
536,"Donald Trump",43.3360354835168,860,"MN"
537,"Joe Biden",48.7711200397462,552,"AK"
538,"Joe Biden",41.4971366990358,328,"IA"
539,"Kamala Harris",43.8342282781377,514,"OR"
540,"Joe Biden",31.7951717413962,976,"SD"
541,"Kamala Harris",47.3291848925874,640,"IA"
542,"Kamala Harris",40.0227879360318,329,"RI"
543,"Donald Trump",34.4651256827638,735,"SD"
544,"Kamala Harris",38.2483848324046,433,"MS"
545,"Donald Trump",47.7261255914345,1002,"FL"
546,"Joe Biden",39.9118687445298,610,"HI"
547,"Joe Biden",43.4550745552406,1230,"GA"
548,"Donald Trump",35.6500887591392,1350,"WI"
549,"Joe Biden",46.3411660585552,761,"TN"
550,"Kamala Harris",34.921989091672,1355,"WA"
551,"Donald Trump",37.3929238785058,615,"RI"
552,"Donald Trump",34.7104879003018,1407,"NV"
553,"Kamala Harris",48.7151385191828,1327,"KY"
554,"Joe Biden",38.3015365665779,914,"UT"
555,"Joe Biden",32.7489881077781,478,"OR"
556,"Donald Trump",48.2872944604605,721,"OH"
557,"Kamala Harris",36.9528275215998,1485,"LA"
558,"Joe Biden",47.0586175145581,317,"IN"
559,"Joe Biden",32.8527035750449,658,"CT"
560,"Kamala Harris",37.1886574197561,590,"VT"
561,"Kamala Harris",34.9101013503969,536,"NM"
562,"Donald Trump",30.9181189304218,587,"AZ"
563,"Joe Biden",45.6909580435604,841,"ND"
564,"Kamala Harris",33.9834346901625,452,"MO"
565,"Kamala Harris",37.8370048850775,574,"HI"
566,"Kamala Harris",36.4712448930368,855,"TN"
567,"Joe Biden",42.0421181013808,914,"KS"
568,"Kamala Harris",40.8254335913807,1341,"OH"
569,"Kamala Harris",49.8164746537805,606,"OK"
570,"Joe Biden",35.0758209824562,1181,"CT"
571,"Donald Trump",44.7053978638723,923,"GA"
572,"Joe Biden",49.552163220942,1370,"MD"
573,"Donald Trump",41.1609248351306,686,"KY"
574,"Donald Trump",37.8541631903499,987,"MA"
575,"Joe Biden",46.4937851857394,482,"TX"
576,"Kamala Harris",32.247689217329,929,"IN"
577,"Joe Biden",40.7155580818653,586,"AZ"
578,"Donald Trump",38.8766316976398,735,"IN"
579,"Donald Trump",35.479144253768,1420,"NY"
580,"Joe Biden",33.147150715813,1303,"WI"
581,"Donald Trump",47.4367614742368,1000,"OR"
582,"Joe Biden",41.2408971274272,831,"NJ"
583,"Joe Biden",41.0137951653451,1301,"OH"
584,"Donald Trump",41.8473057122901,1251,"IN"
585,"Donald Trump",44.5562572544441,1409,"KY"
586,"Donald Trump",42.7785056922585,1495,"HI"
587,"Donald Trump",42.2890032967553,869,"AL"
588,"Kamala Harris",31.0483370115981,1397,"FL"
589,"Joe Biden",41.3031550589949,1173,"NE"
590,"Joe Biden",41.7468276061118,1202,"AZ"
591,"Joe Biden",42.5713415024802,406,"UT"
592,"Joe Biden",42.4378129001707,316,"MI"
593,"Kamala Harris",31.6454008407891,595,"UT"
594,"Donald Trump",31.552852243185,464,"WV"
595,"Joe Biden",43.7418937962502,506,"SD"
596,"Joe Biden",46.606071847491,1276,"NJ"
597,"Kamala Harris",32.9181975033134,442,"FL"
598,"Kamala Harris",45.6706014461815,636,"IA"
599,"Joe Biden",39.7290015826002,1472,"VA"
600,"Joe Biden",49.785302109085,969,"OH"
601,"Donald Trump",39.9820990907028,463,"DE"
602,"Kamala Harris",41.2452107015997,1249,"WV"
603,"Joe Biden",37.5651404121891,1389,"AL"
604,"Joe Biden",40.3727439465001,823,"MT"
605,"Kamala Harris",31.4856758434325,582,"TX"
606,"Joe Biden",40.7694468833506,366,"AL"
607,"Donald Trump",49.2212200164795,1086,"WA"
608,"Donald Trump",40.5562027916312,1229,"RI"
609,"Kamala Harris",38.7431890377775,835,"NH"
610,"Joe Biden",30.6453399313614,1487,"MI"
611,"Kamala Harris",30.7546836137772,339,"MN"
612,"Joe Biden",30.9469658788294,1500,"NM"
613,"Kamala Harris",33.2191807124764,1408,"HI"
614,"Kamala Harris",39.381947866641,449,"NJ"
615,"Joe Biden",46.1184794967994,928,"OR"
616,"Kamala Harris",35.6119503220543,1026,"NM"
617,"Kamala Harris",45.0956797040999,963,"NJ"
618,"Kamala Harris",40.4365162970498,848,"MS"
619,"Kamala Harris",35.7789438636974,1424,"WV"
620,"Kamala Harris",30.347544029355,742,"MT"
621,"Donald Trump",43.3669905969873,929,"WI"
622,"Kamala Harris",31.3395192939788,731,"WI"
623,"Donald Trump",46.7277285363525,1144,"MT"
624,"Kamala Harris",32.706863116473,943,"SC"
625,"Donald Trump",43.1175621692091,1306,"AZ"
626,"Joe Biden",46.7589545762166,1307,"MD"
627,"Joe Biden",35.1529599213973,752,"SC"
628,"Kamala Harris",32.7199057023972,933,"MA"
629,"Joe Biden",45.2697682846338,1150,"IN"
630,"Donald Trump",34.2399246664718,869,"KS"
631,"Joe Biden",35.3593919845298,1170,"NE"
632,"Donald Trump",40.6366238929331,1062,"KS"
633,"Donald Trump",39.4823373481631,727,"OH"
634,"Joe Biden",37.4688732996583,614,"IN"
635,"Joe Biden",45.5069985706359,691,"MT"
636,"Donald Trump",41.1640794016421,618,"KY"
637,"Kamala Harris",33.1047324230894,1471,"NM"
638,"Joe Biden",49.7883689682931,799,"KY"
639,"Donald Trump",34.8889286071062,337,"VT"
640,"Joe Biden",32.6075702439994,530,"MD"
641,"Donald Trump",34.2536227079108,1195,"AK"
642,"Kamala Harris",37.6000849669799,586,"KS"
643,"Donald Trump",37.1924233762547,589,"IN"
644,"Donald Trump",36.0532409790903,1440,"OR"
645,"Kamala Harris",30.8879942726344,742,"NY"
646,"Joe Biden",48.6956670554355,375,"SD"
647,"Donald Trump",41.3743405975401,632,"MS"
648,"Kamala Harris",34.4160549016669,327,"NH"
649,"Kamala Harris",47.5592235056683,681,"MA"
650,"Joe Biden",39.34577612672,983,"NE"
651,"Kamala Harris",40.8469962934032,306,"WY"
652,"Joe Biden",45.6879634782672,904,"NH"
653,"Joe Biden",42.9574054479599,759,"NE"
654,"Kamala Harris",32.8978629410267,1355,"NV"
655,"Joe Biden",36.4327475428581,1408,"GA"
656,"Joe Biden",49.0211116522551,1418,"NH"
657,"Kamala Harris",33.7639698199928,446,"LA"
658,"Joe Biden",45.0080849695951,530,"ND"
659,"Joe Biden",39.1831695055589,1364,"AR"
660,"Joe Biden",32.8273009788245,853,"SD"
661,"Donald Trump",34.1038615209982,594,"WA"
662,"Donald Trump",43.5058699920774,966,"AK"
663,"Donald Trump",32.7606042101979,589,"AR"
664,"Donald Trump",38.3108740160242,1221,"ID"
665,"Kamala Harris",39.024940636009,858,"NH"
666,"Kamala Harris",42.4589313939214,491,"WY"
667,"Donald Trump",35.0234859483317,956,"HI"
668,"Joe Biden",39.2830692743883,1450,"RI"
669,"Kamala Harris",33.3101845812052,522,"NE"
670,"Joe Biden",47.1561290696263,719,"NJ"
671,"Kamala Harris",33.1310379458591,1489,"AR"
672,"Kamala Harris",31.7666326742619,1316,"GA"
673,"Kamala Harris",47.8683554381132,359,"MN"
674,"Joe Biden",36.0124101676047,1340,"UT"
675,"Donald Trump",45.0417334213853,1306,"WV"
676,"Kamala Harris",38.0321329599246,660,"AK"
677,"Kamala Harris",38.971162121743,1049,"NY"
678,"Joe Biden",33.1934796040878,787,"WY"
679,"Joe Biden",32.8903170255944,793,"UT"
680,"Joe Biden",32.9836078407243,358,"CO"
681,"Kamala Harris",40.2886851970106,453,"TN"
682,"Kamala Harris",39.8565461253747,1052,"KY"
683,"Joe Biden",42.3268553707749,331,"SC"
684,"Joe Biden",38.9484578138217,517,"MS"
685,"Donald Trump",31.1135343043134,626,"RI"
686,"Kamala Harris",30.1079261908308,624,"IN"
687,"Kamala Harris",34.4366840226576,924,"HI"
688,"Donald Trump",47.0192644791678,968,"MT"
689,"Joe Biden",35.3469241224229,1195,"MS"
690,"Kamala Harris",41.9720054650679,640,"TN"
691,"Joe Biden",42.1719939447939,720,"ME"
692,"Joe Biden",49.8431688081473,779,"WA"
693,"Kamala Harris",33.8237992161885,822,"TX"
694,"Donald Trump",45.0678116921335,386,"IN"
695,"Kamala Harris",34.8477467428893,783,"GA"
696,"Kamala Harris",36.5490444004536,449,"WA"
697,"Kamala Harris",30.0707098934799,391,"WY"
698,"Donald Trump",49.9484828719869,797,"NC"
699,"Joe Biden",38.7611900875345,396,"MN"
700,"Kamala Harris",49.953774898313,1140,"NM"
701,"Kamala Harris",33.9343833830208,590,"MI"
702,"Donald Trump",32.2295359149575,1327,"MN"
703,"Donald Trump",35.0147290108725,545,"NH"
704,"Donald Trump",43.6095320619643,417,"NJ"
705,"Kamala Harris",41.5450859349221,852,"KY"
706,"Kamala Harris",38.3269459242001,630,"FL"
707,"Donald Trump",44.5836248714477,596,"RI"
708,"Joe Biden",41.4837946603075,571,"AR"
709,"Joe Biden",41.552702980116,919,"CT"
710,"Joe Biden",41.7999825486913,824,"AK"
711,"Donald Trump",34.4585668016225,707,"MT"
712,"Joe Biden",32.0698459725827,1153,"MD"
713,"Donald Trump",44.7301205387339,1071,"KS"
714,"Donald Trump",42.2480751248077,1011,"VT"
715,"Kamala Harris",49.0242472104728,1193,"WI"
716,"Kamala Harris",49.1975173121318,1205,"NY"
717,"Kamala Harris",44.8967210017145,682,"RI"
718,"Kamala Harris",38.696602913551,336,"ND"
719,"Donald Trump",33.495502746664,377,"IL"
720,"Donald Trump",38.7057613767684,1425,"RI"
721,"Donald Trump",45.2491637552157,1060,"OK"
722,"Kamala Harris",48.3805862208828,1473,"OH"
723,"Kamala Harris",48.133951658383,1214,"WI"
724,"Kamala Harris",46.3102565798908,1443,"VT"
725,"Joe Biden",33.9950588531792,1491,"MS"
726,"Kamala Harris",30.9925117064267,1458,"AR"
727,"Joe Biden",39.5789705123752,650,"NE"
728,"Kamala Harris",41.8078673770651,847,"KS"
729,"Donald Trump",31.9324047164991,924,"DE"
730,"Joe Biden",49.0178046980873,437,"AZ"
731,"Joe Biden",33.2548627723008,949,"KY"
732,"Joe Biden",48.4301252523437,629,"MA"
733,"Kamala Harris",32.5555014563724,904,"NJ"
734,"Joe Biden",43.2547918101773,630,"VT"
735,"Donald Trump",45.6808385485783,541,"GA"
736,"Joe Biden",45.2922632358968,936,"OR"
737,"Kamala Harris",43.4514062106609,1377,"ND"
738,"Kamala Harris",32.3133180476725,493,"GA"
739,"Kamala Harris",47.0260297507048,1484,"AR"
740,"Donald Trump",42.3592318966985,576,"MS"
741,"Kamala Harris",46.7282311199233,1470,"MD"
742,"Donald Trump",33.3985644951463,1457,"TX"
743,"Joe Biden",30.2056244015694,494,"AK"
744,"Kamala Harris",36.4693946251646,901,"VA"
745,"Donald Trump",35.3936544898897,790,"OK"
746,"Donald Trump",46.5052271215245,676,"NC"
747,"Joe Biden",48.6732347402722,1397,"VA"
748,"Donald Trump",32.5558296730742,1306,"IN"
749,"Joe Biden",48.266752124764,622,"MN"
750,"Donald Trump",42.1046789549291,593,"CO"
751,"Kamala Harris",38.0057033291087,1402,"MN"
752,"Kamala Harris",43.3159060683101,771,"WY"
753,"Donald Trump",45.3519855439663,668,"AK"
754,"Donald Trump",40.4379140026867,1336,"OK"
755,"Joe Biden",37.8901503421366,1130,"NY"
756,"Donald Trump",49.3157366709784,394,"KY"
757,"Kamala Harris",30.9797108126804,625,"WA"
758,"Donald Trump",33.0661654332653,1133,"NE"
759,"Kamala Harris",43.9367813104764,1463,"MA"
760,"Joe Biden",44.5557174645364,549,"MN"
761,"Donald Trump",32.1675883093849,486,"KS"
762,"Kamala Harris",39.2913709115237,1425,"UT"
763,"Joe Biden",42.8425107244402,982,"DE"
764,"Donald Trump",37.9422187572345,1438,"AK"
765,"Kamala Harris",49.8086051410064,1433,"WA"
766,"Donald Trump",43.5741761978716,620,"WV"
767,"Joe Biden",36.3063691509888,717,"KY"
768,"Kamala Harris",33.0753852007911,989,"OH"
769,"Kamala Harris",36.0250347154215,850,"AK"
770,"Kamala Harris",31.8903106125072,1479,"TX"
771,"Joe Biden",30.5375101370737,1242,"NC"
772,"Kamala Harris",36.2096660863608,712,"GA"
773,"Donald Trump",44.84877737239,993,"ME"
774,"Donald Trump",49.2018442461267,320,"NJ"
775,"Donald Trump",38.3160532545298,1359,"NE"
776,"Kamala Harris",40.4447081452236,1263,"NC"
777,"Joe Biden",31.3503945758566,1452,"WA"
778,"Joe Biden",42.5968361087143,965,"LA"
779,"Donald Trump",37.0682757440954,1259,"AR"
780,"Donald Trump",38.4942930424586,1275,"MN"
781,"Kamala Harris",49.2753758141771,1402,"AK"
782,"Donald Trump",43.6199697386473,697,"TN"
783,"Donald Trump",44.3692776886746,987,"NY"
784,"Joe Biden",33.4125953074545,569,"NY"
785,"Kamala Harris",34.0721817826852,1384,"AL"
786,"Joe Biden",47.5309942383319,760,"NY"
787,"Kamala Harris",46.750450511463,1331,"AL"
788,"Kamala Harris",44.4125408492982,1158,"SC"
789,"Kamala Harris",35.6212674221024,314,"ME"
790,"Kamala Harris",34.1998179350048,1024,"SC"
791,"Donald Trump",39.8830063920468,324,"NV"
792,"Donald Trump",40.4350561648607,1189,"NJ"
793,"Joe Biden",34.3966362345964,1324,"MN"
794,"Joe Biden",45.2621340472251,353,"NC"
795,"Kamala Harris",30.4903930611908,851,"GA"
796,"Donald Trump",44.2297189030796,627,"WV"
797,"Joe Biden",46.8177519831806,1413,"CT"
798,"Donald Trump",48.6164214415476,835,"PA"
799,"Donald Trump",43.2418329454958,471,"MN"
800,"Donald Trump",35.3988443873823,496,"MI"
801,"Joe Biden",34.3646692065522,431,"VA"
802,"Kamala Harris",47.3563634231687,996,"GA"
803,"Kamala Harris",30.4914310341701,1267,"NJ"
804,"Donald Trump",47.0005344878882,769,"MA"
805,"Donald Trump",40.4786615399644,1274,"OK"
806,"Donald Trump",38.7092540366575,969,"HI"
807,"Joe Biden",48.6258949292824,355,"UT"
808,"Kamala Harris",33.2910079183057,906,"ID"
809,"Joe Biden",37.5757678411901,1141,"CO"
810,"Donald Trump",32.7608987409621,382,"CA"
811,"Kamala Harris",32.9944215435535,395,"KS"
812,"Joe Biden",43.5289449477568,1456,"WA"
813,"Joe Biden",41.2423231173307,1399,"FL"
814,"Donald Trump",39.4329688558355,945,"NV"
815,"Kamala Harris",46.2220033723861,1131,"AL"
816,"Joe Biden",49.2477706447244,1310,"WY"
817,"Donald Trump",40.3081976808608,1018,"TN"
818,"Joe Biden",44.074455392547,1283,"KY"
819,"Joe Biden",33.617590200156,981,"MT"
820,"Kamala Harris",37.0993389422074,1228,"MD"
821,"Kamala Harris",30.9980557858944,677,"WY"
822,"Kamala Harris",33.0510740540922,649,"PA"
823,"Kamala Harris",31.9854343729094,840,"HI"
824,"Kamala Harris",35.602961522527,817,"HI"
825,"Donald Trump",37.7490040427074,531,"MD"
826,"Kamala Harris",42.683175727725,580,"RI"
827,"Donald Trump",44.1412721760571,1428,"IN"
828,"Kamala Harris",36.5203663753346,669,"MI"
829,"Donald Trump",49.303666302003,1395,"MS"
830,"Kamala Harris",43.9290889492258,1089,"MI"
831,"Donald Trump",33.2215638831258,1321,"CO"
832,"Donald Trump",37.3812448326498,1373,"MO"
833,"Kamala Harris",36.0443551838398,335,"MS"
834,"Donald Trump",39.1593153495342,1492,"MT"
835,"Joe Biden",46.4656549273059,1398,"AK"
836,"Kamala Harris",34.6507870173082,611,"MD"
837,"Joe Biden",38.0464445054531,970,"IL"
838,"Kamala Harris",49.4322560587898,1403,"ID"
839,"Donald Trump",32.4884149199352,972,"WA"
840,"Joe Biden",42.605801532045,1462,"ND"
841,"Joe Biden",44.0773401176557,1133,"MN"
842,"Kamala Harris",41.824005683884,1203,"MI"
843,"Joe Biden",49.93032542523,417,"CO"
844,"Donald Trump",30.9067220287398,1090,"KS"
845,"Kamala Harris",49.8014507582411,1176,"MO"
846,"Kamala Harris",44.9061261862516,1053,"MT"
847,"Donald Trump",38.7349919555709,341,"IA"
848,"Donald Trump",33.0601309752092,778,"SD"
849,"Donald Trump",38.9773035096005,479,"ND"
850,"Kamala Harris",33.7264942517504,734,"IA"
851,"Kamala Harris",38.5309716500342,559,"DE"
852,"Kamala Harris",46.4155973307788,472,"CA"
853,"Donald Trump",31.0075782844797,1230,"RI"
854,"Joe Biden",36.507643032819,550,"LA"
855,"Kamala Harris",46.8482385901734,316,"NJ"
856,"Kamala Harris",30.8039958588779,1046,"KY"
857,"Kamala Harris",45.8374592242762,501,"NY"
858,"Kamala Harris",49.232568750158,1306,"MD"
859,"Kamala Harris",43.2184097496793,1130,"VT"
860,"Kamala Harris",30.1743483822793,1211,"IN"
861,"Joe Biden",39.3157844850793,586,"MD"
862,"Joe Biden",44.3322769738734,1317,"AK"
863,"Joe Biden",30.5636421963573,921,"PA"
864,"Joe Biden",46.90965117421,369,"NV"
865,"Joe Biden",44.9283081805333,1357,"TX"
866,"Donald Trump",35.2806152869016,811,"TX"
867,"Joe Biden",44.9182735243812,694,"MN"
868,"Donald Trump",43.4316494269297,685,"TX"
869,"Donald Trump",33.4410546673462,656,"NH"
870,"Kamala Harris",43.3943293662742,420,"CT"
871,"Kamala Harris",48.6070806300268,687,"MN"
872,"Joe Biden",47.0194951677695,1385,"RI"
873,"Donald Trump",45.6214647041634,1214,"CT"
874,"Donald Trump",43.7168466253206,678,"ME"
875,"Joe Biden",41.8273822404444,1434,"MI"
876,"Kamala Harris",38.0654643382877,624,"NM"
877,"Kamala Harris",32.5669622514397,1341,"TN"
878,"Donald Trump",46.4032892882824,1465,"WV"
879,"Joe Biden",44.3344094464555,1032,"NJ"
880,"Kamala Harris",45.7664970494807,1206,"TX"
881,"Donald Trump",30.3663200233132,778,"MI"
882,"Joe Biden",33.4898028196767,462,"NV"
883,"Kamala Harris",41.9729793677106,470,"AL"
884,"Donald Trump",31.6127764573321,1247,"UT"
885,"Donald Trump",44.1463188361377,325,"NV"
886,"Donald Trump",41.2733754841611,551,"AL"
887,"Donald Trump",35.6561581837013,1071,"OR"
888,"Donald Trump",37.8411353146657,637,"KY"
889,"Joe Biden",43.454563356936,1494,"AL"
890,"Joe Biden",33.2435933453962,1064,"ME"
891,"Kamala Harris",32.1700380695984,406,"AK"
892,"Joe Biden",40.6688845995814,769,"NY"
893,"Joe Biden",32.0639820070937,601,"AL"
894,"Kamala Harris",31.8683617049828,881,"NM"
895,"Joe Biden",42.798502841033,1263,"FL"
896,"Donald Trump",41.2808487424627,311,"AK"
897,"Kamala Harris",36.1107303900644,667,"TN"
898,"Kamala Harris",35.3201806265861,480,"VT"
899,"Donald Trump",42.6500157918781,1352,"AK"
900,"Donald Trump",46.6151566710323,757,"MT"
901,"Joe Biden",31.0271123051643,626,"MD"
902,"Kamala Harris",49.846700723283,1299,"MD"
903,"Kamala Harris",30.4417438572273,1026,"VT"
904,"Joe Biden",33.5967777809128,1171,"VT"
905,"Kamala Harris",36.5738414973021,1230,"VT"
906,"Joe Biden",47.0979143353179,1098,"FL"
907,"Joe Biden",33.6872062645853,941,"ID"
908,"Donald Trump",45.9071340505034,934,"OH"
909,"Joe Biden",47.1770427655429,728,"PA"
910,"Joe Biden",39.4403906771913,1187,"VT"
911,"Joe Biden",42.9640567861497,541,"NV"
912,"Joe Biden",36.5008336910978,585,"NJ"
913,"Joe Biden",39.3227491620928,938,"NJ"
914,"Joe Biden",48.8481456739828,1178,"MN"
915,"Kamala Harris",34.9092859728262,873,"WV"
916,"Kamala Harris",30.4491411847994,1496,"OH"
917,"Joe Biden",49.3414366105571,805,"VA"
918,"Joe Biden",35.2009771391749,1112,"MN"
919,"Kamala Harris",43.0821443302557,916,"IN"
920,"Donald Trump",31.5076247509569,912,"VA"
921,"Donald Trump",49.3849219800904,788,"WI"
922,"Kamala Harris",48.3707864768803,1439,"SD"
923,"Kamala Harris",47.3630507243797,1388,"NM"
924,"Donald Trump",38.4875794965774,1460,"NJ"
925,"Kamala Harris",45.620639519766,1354,"NV"
926,"Kamala Harris",35.9981178538874,1329,"KS"
927,"Joe Biden",35.7890557684004,661,"MI"
928,"Donald Trump",49.9854766624048,881,"MA"
929,"Donald Trump",49.7407441586256,486,"NH"
930,"Donald Trump",39.6009268239141,758,"NY"
931,"Donald Trump",45.2455013245344,779,"AR"
932,"Joe Biden",36.57223850023,1199,"ID"
933,"Joe Biden",34.7247769450769,822,"AZ"
934,"Donald Trump",42.3572006076574,1412,"IN"
935,"Donald Trump",36.808985308744,1088,"VT"
936,"Joe Biden",31.167820552364,550,"NJ"
937,"Kamala Harris",49.6389164449647,1098,"IN"
938,"Joe Biden",43.760802433826,1469,"LA"
939,"Kamala Harris",47.2436444181949,717,"TN"
940,"Kamala Harris",39.2339096730575,957,"GA"
941,"Donald Trump",32.5205439701676,968,"NJ"
942,"Kamala Harris",43.605908905156,1258,"WY"
943,"Kamala Harris",30.3989757038653,1492,"MO"
944,"Kamala Harris",33.2591727934778,912,"KS"
945,"Joe Biden",47.9163167020306,1002,"IL"
946,"Kamala Harris",33.0631548911333,788,"UT"
947,"Joe Biden",35.1728318724781,559,"MT"
948,"Kamala Harris",34.8804936045781,649,"MT"
949,"Joe Biden",36.2372981477529,672,"MS"
950,"Joe Biden",34.4249337911606,1309,"NM"
951,"Donald Trump",30.6109368568286,971,"SD"
952,"Donald Trump",48.060732181184,1142,"NY"
953,"Joe Biden",49.1879492858425,1029,"NE"
954,"Joe Biden",48.8569732289761,1287,"GA"
955,"Joe Biden",39.0660007996485,939,"MT"
956,"Kamala Harris",38.7533000484109,1034,"GA"
957,"Joe Biden",31.0033229552209,554,"AK"
958,"Joe Biden",37.1964253671467,826,"CO"
959,"Donald Trump",47.9328812938184,706,"NV"
960,"Joe Biden",37.4212633445859,1222,"AK"
961,"Joe Biden",40.0657002255321,738,"VT"
962,"Kamala Harris",40.5519861215726,896,"WA"
963,"Donald Trump",33.4054013015702,1343,"LA"
964,"Kamala Harris",40.7719755358994,718,"LA"
965,"Donald Trump",32.2098689014092,926,"HI"
966,"Kamala Harris",42.2821006877348,1052,"CT"
967,"Joe Biden",40.8995285397395,1478,"IN"
968,"Donald Trump",34.5525738503784,506,"WY"
969,"Donald Trump",48.0301730521023,304,"PA"
970,"Donald Trump",33.9705287339166,829,"ND"
971,"Donald Trump",38.4362423513085,457,"WV"
972,"Donald Trump",47.6872371602803,1232,"LA"
973,"Joe Biden",34.7640169318765,750,"MS"
974,"Kamala Harris",35.8326119650155,502,"FL"
975,"Donald Trump",47.5279053905979,809,"SD"
976,"Kamala Harris",42.3814495000988,632,"AL"
977,"Donald Trump",47.1459750737995,1406,"ND"
978,"Joe Biden",39.5456866500899,591,"WY"
979,"Kamala Harris",47.8846191987395,614,"NH"
980,"Donald Trump",33.3813871350139,1340,"MT"
981,"Kamala Harris",42.4214027542621,1410,"PA"
982,"Donald Trump",44.4552105944604,1275,"WY"
983,"Kamala Harris",33.804323268123,916,"OH"
984,"Kamala Harris",41.3743100455031,438,"KY"
985,"Donald Trump",43.4306265506893,353,"ND"
986,"Donald Trump",48.3842179737985,432,"AK"
987,"Donald Trump",36.5111939562485,1449,"PA"
988,"Kamala Harris",40.9350414061919,598,"PA"
989,"Joe Biden",30.0998235726729,567,"NY"
990,"Joe Biden",37.4023228278384,1393,"IN"
991,"Joe Biden",42.7524284925312,462,"AL"
992,"Kamala Harris",42.1921402029693,1017,"OK"
993,"Joe Biden",46.365843382664,1084,"MD"
994,"Donald Trump",32.3578359326348,1063,"IL"
995,"Kamala Harris",43.2671534223482,882,"WA"
996,"Joe Biden",34.0321451053023,1260,"TX"
997,"Donald Trump",41.73719082959,1213,"RI"
998,"Donald Trump",43.9013995742425,1390,"NV"
999,"Kamala Harris",40.565762957558,447,"MI"
1000,"Donald Trump",37.3904302017763,450,"UT"
